{
  "IcoMoonType": "selection",
  "icons": [
    {
      "icon": {
        "paths": [
          "M896 469.333h-768c-25.6 0-42.667 17.067-42.667 42.667s17.067 42.667 42.667 42.667h768c25.6 0 42.667-17.067 42.667-42.667s-17.067-42.667-42.667-42.667z",
          "M128 298.667h768c25.6 0 42.667-17.067 42.667-42.667s-17.067-42.667-42.667-42.667h-768c-25.6 0-42.667 17.067-42.667 42.667s17.067 42.667 42.667 42.667z",
          "M896 725.333h-768c-25.6 0-42.667 17.067-42.667 42.667s17.067 42.667 42.667 42.667h768c25.6 0 42.667-17.067 42.667-42.667s-17.067-42.667-42.667-42.667z"
        ],
        "attrs": [
          {},
          {},
          {}
        ],
        "isMulticolor": false,
        "isMulticolor2": false,
        "tags": [
          "menu"
        ],
        "grid": 24
      },
      "attrs": [
        {},
        {},
        {}
      ],
      "properties": {
        "order": 1,
        "id": 0,
        "prevSize": 24,
        "name": "menu"
      },
      "setIdx": 0,
      "setId": 3,
      "iconIdx": 0
    }
  ],
  "height": 1024,
  "preferences": {
    "showGlyphs": true,
    "showQuickUse": true,
    "showQuickUse2": true,
    "showSVGs": true,
    "fontPref": {
      "prefix": "icon-",
      "metadata": {
        "fontFamily": "icomoon"
      },
      "metrics": {
        "emSize": 1024,
        "baseline": 6.25,
        "whitespace": 50
      },
      "embed": false
    },
    "imagePref": {
      "prefix": "icon-",
      "png": true,
      "useClassSelector": true,
      "color": 0,
      "bgColor": 16777215,
      "classSelector": ".icon",
      "name": "icomoon",
      "autoHost": true
    },
    "historySize": 50,
    "showCodes": true,
    "gridSize": 16,
    "quickUsageToken": {
      "UntitledProject": "YjMxODA2NjU0Mjk2ZWU3OGQ2NDUxZDRhNTRlNmQyZmIjMSMxNTM3NzU2MzY0IyMj"
    },
    "showGrid": false
  }
}